"Fri, 03 Dec 2021 06:00:00 +0900",日産とJAXAが月面探査車のスタック防止に挑戦、駆動力制御は乗用車にも展開,https://monoist.itmedia.co.jp/mn/articles/2112/03/news060.html
"Thu, 02 Dec 2021 11:00:00 +0900",日産がMR技術活用で外観目視検査の作業習熟期間を半減、指導工数は9割減,https://monoist.itmedia.co.jp/mn/articles/2112/02/news037.html
"Thu, 02 Dec 2021 06:00:00 +0900",メルセデス・ベンツとステランティスが全固体電池ベンチャーに出資、2026年製品化,https://monoist.itmedia.co.jp/mn/articles/2112/02/news039.html
"Wed, 01 Dec 2021 06:00:00 +0900",三菱自動車の「ラリーアート」復活第1弾、トライトンとパジェロスポーツで,https://monoist.itmedia.co.jp/mn/articles/2112/01/news060.html
"Tue, 30 Nov 2021 08:00:00 +0900",クロスドメイン対応の車載向けハイエンドマイコンを発表,https://monoist.itmedia.co.jp/mn/articles/2111/30/news067.html
"Tue, 30 Nov 2021 06:00:00 +0900",日産は2028年に全固体電池を実用化、EVをエンジン車並みのコストに,https://monoist.itmedia.co.jp/mn/articles/2111/30/news066.html
"Mon, 29 Nov 2021 06:00:00 +0900",自動車産業の魅力は新型車だけじゃない、CASEやソフトウェアならではのやりがい,https://monoist.itmedia.co.jp/mn/articles/2111/29/news067.html
"Sat, 27 Nov 2021 08:00:00 +0900",カギ代わりのスマホアプリにトラブル、新しい機能や装備の満足度を高めるには,https://monoist.itmedia.co.jp/mn/articles/2111/27/news037.html
"Fri, 26 Nov 2021 11:00:00 +0900",半導体工場に4億ユーロ以上を投資し、半導体チップの需要急増に対応,https://monoist.itmedia.co.jp/mn/articles/2111/26/news041.html
"Fri, 26 Nov 2021 06:00:00 +0900",2021年度上期の自動車生産は2019年の同時期から2割マイナス、回復まで道半ば,https://monoist.itmedia.co.jp/mn/articles/2111/26/news075.html
"Thu, 25 Nov 2021 06:00:00 +0900",“排ガス測定の堀場”はどのようにCASEに対応するのか,https://monoist.itmedia.co.jp/mn/articles/2111/25/news033.html
"Wed, 24 Nov 2021 12:30:00 +0900",10年たった今も悩みは同じ？,https://monoist.itmedia.co.jp/mn/articles/2111/24/news052.html
"Wed, 24 Nov 2021 06:00:00 +0900",電動化でさらにレースを面白く、時速380kmの戦い「インディカー・シリーズ」,https://monoist.itmedia.co.jp/mn/articles/2111/24/news057.html
"Mon, 22 Nov 2021 06:00:00 +0900",鉄とニッケルでレアアースフリーのモーター用磁石、デンソーが開発中,https://monoist.itmedia.co.jp/mn/articles/2111/22/news049.html
"Fri, 19 Nov 2021 06:00:00 +0900",GMが2520億円を投資したEV生産拠点が稼働、コスト抑制で効率的な改修を実現,https://monoist.itmedia.co.jp/mn/articles/2111/19/news061.html
"Thu, 18 Nov 2021 06:00:00 +0900",リチウムイオン電池を長持ちさせたいときに気を付けること,https://monoist.itmedia.co.jp/mn/articles/2111/18/news021.html
"Wed, 17 Nov 2021 06:00:00 +0900",マツダ「CX-50」は2022年春発売、ハイブリッドモデルは数年以内に追加,https://monoist.itmedia.co.jp/mn/articles/2111/17/news049.html
"Tue, 16 Nov 2021 06:00:00 +0900",NTTドコモが自由に使える1万m2のテストコースとセルラーV2Xのシステムを提供,https://monoist.itmedia.co.jp/mn/articles/2111/16/news060.html
"Mon, 15 Nov 2021 06:00:00 +0900",バイオ燃料でマツダスバルトヨタがスーパー耐久参戦、水素エンジンは二輪4社の共同開発へ,https://monoist.itmedia.co.jp/mn/articles/2111/15/news051.html
"Sat, 13 Nov 2021 08:00:00 +0900",日米独仏中が参加しなかった、「2040年までに全てゼロエミッション車」の宣言,https://monoist.itmedia.co.jp/mn/articles/2111/13/news035.html
"Fri, 12 Nov 2021 06:00:00 +0900",トヨタとの共同開発で「良いEVが完成した」、スバルが「ソルテラ」を世界初公開,https://monoist.itmedia.co.jp/mn/articles/2111/12/news050.html
"Thu, 11 Nov 2021 17:00:00 +0900",レクサス製造ラインの車内異音検査をAIで自動化、スカイディスクと共同開発,https://monoist.itmedia.co.jp/mn/articles/2111/10/news053.html
"Thu, 11 Nov 2021 12:00:00 +0900",「これ以上の豊かさはいらない」といえる分野、いえない分野,https://monoist.itmedia.co.jp/mn/articles/2111/11/news051.html
"Thu, 11 Nov 2021 10:00:00 +0900",日本の自動車産業はEV開発で出遅れていても商機を失ったわけではない,https://monoist.itmedia.co.jp/mn/articles/2111/11/news004.html
"Thu, 11 Nov 2021 08:00:00 +0900",自動車と民生に注力する三菱電機のパワーデバイス事業、12インチ化も着々,https://monoist.itmedia.co.jp/mn/articles/2111/11/news053.html
"Thu, 11 Nov 2021 06:30:00 +0900",パナソニックが磁界を使う近距離無線通信技術を開発、ワイヤレス給電との併用も,https://monoist.itmedia.co.jp/mn/articles/2111/11/news044.html
"Thu, 11 Nov 2021 06:00:00 +0900",自動運転車をファーストクラスに、NVIDIAが最新プラットフォームを発表,https://monoist.itmedia.co.jp/mn/articles/2111/11/news052.html
"Wed, 10 Nov 2021 12:00:00 +0900",おカネで懐かしさを手に入れる、大人の遊び,https://monoist.itmedia.co.jp/mn/articles/2111/10/news052.html
"Wed, 10 Nov 2021 06:30:00 +0900",防舷材不適切検査を30年続けた住友ゴム、南アのタイヤ生産不正は日本人駐在員が主導,https://monoist.itmedia.co.jp/mn/articles/2111/10/news061.html
"Wed, 10 Nov 2021 06:00:00 +0900",三菱電機が2025年に電動化とADASの売上高2.5倍に、水平展開でシェア伸ばす,https://monoist.itmedia.co.jp/mn/articles/2111/10/news063.html
